-- phpMyAdmin SQL Dump
-- version 3.4.3.2
-- http://www.phpmyadmin.net
--
-- Хост: localhost
-- Време на генериране: 10 септ 2011 в 22:31
-- Версия на сървъра: 5.1.56
-- Версия на PHP: 5.2.9

SET SQL_MODE="NO_AUTO_VALUE_ON_ZERO";
SET time_zone = "+00:00";


/*!40101 SET @OLD_CHARACTER_SET_CLIENT=@@CHARACTER_SET_CLIENT */;
/*!40101 SET @OLD_CHARACTER_SET_RESULTS=@@CHARACTER_SET_RESULTS */;
/*!40101 SET @OLD_COLLATION_CONNECTION=@@COLLATION_CONNECTION */;
/*!40101 SET NAMES utf8 */;

--
-- База данни: `gamecraf_fmifeedback`
--

-- --------------------------------------------------------

--
-- Структура на таблица `courses`
--

CREATE TABLE IF NOT EXISTS `courses` (
  `uid` int(11) NOT NULL AUTO_INCREMENT,
  `name` varchar(255) COLLATE utf8_unicode_ci NOT NULL,
  PRIMARY KEY (`uid`),
  UNIQUE KEY `name` (`name`)
) ENGINE=InnoDB  DEFAULT CHARSET=utf8 COLLATE=utf8_unicode_ci AUTO_INCREMENT=400 ;

--
-- Ссхема на данните от таблица `courses`
--

INSERT INTO `courses` (`uid`, `name`) VALUES
(384, '3D графика и трасиране на лъчи'),
(222, 'ASP програмиране'),
(301, 'C++ за напреднали'),
(235, '﻿Fundamentals of Network security'),
(262, 'Oбектно-ориентиран анализ и дизайн на езика UML'),
(312, 'Visual Basic за приложения'),
(313, 'WAP & WML & XHTML'),
(172, 'WWW Технологии'),
(219, 'XML програмиране'),
(154, 'Алгебра 1 (Линейна Алгебра)'),
(163, 'Алгебра 2 (Висша Алгебра)'),
(236, 'Алгебри и групи на Ли'),
(314, 'Алгебрична и хомотопична топология'),
(315, 'Алгебрична теория на числата'),
(153, 'Анализ 1'),
(398, 'Анализ 2'),
(221, 'Анализ и проектиране на информационни системи'),
(316, 'Анализ на Клифорд за диференциални уравнения'),
(232, 'Анализ на софтуерните изисквания'),
(175, 'Аналитична геометрия'),
(189, 'Аналитична механика'),
(158, 'Английски език'),
(317, 'Архитектурно моделиране и симулация на информационни системи'),
(204, 'Аудио-визуални и информационни технологии в обучението'),
(167, 'Бази от данни'),
(318, 'Вариационно смятане'),
(319, 'Векторна компютърна графика'),
(169, 'Вероятности и статистика'),
(386, 'Вероятностни модели'),
(383, 'Виртуализация и Cloud Computing'),
(185, 'Висша алгебра 2'),
(237, 'Геометрия и топология'),
(320, 'Геометрия на движението'),
(387, 'Геометрия на многообразията'),
(302, 'Граматики за генеративно изкуство'),
(238, 'Дескриптивна геометрия'),
(161, 'Дизайн и анализ на алгоритми'),
(321, 'Динамични геометрични системи'),
(322, 'Директорийни услуги'),
(187, 'Дискретна математика'),
(239, 'Дискретна оптимизация'),
(152, 'Дискретни структури'),
(186, 'Диференциална геометрия'),
(179, 'Диференциални уравнения'),
(241, 'Диференциални уравнения и приложения с "Mathematica", "Matlab" или "Maple'),
(240, 'Диференциални уравнения със закъснения'),
(176, 'Диференциално и интегрално смятане 1 (ДИС 1)'),
(177, 'Диференциално и интегрално смятане 2 (ДИС 2)'),
(242, 'Допълнение към курса по ДИС за компютърни специалности'),
(243, 'Е-бизнес: стратегия, архитектура, проектиране'),
(244, 'Езикова култура'),
(201, 'Езици и среди за обучение'),
(178, 'Езици, автомати и изчислимост'),
(298, 'Екология и опазване на околната среда'),
(246, 'Експериментални методи в механиката с практикум'),
(323, 'Експериментални методи в механиката с практикум II'),
(324, 'Електронно обучение'),
(390, 'Елементи от теория на информацията'),
(247, 'Елиптични криви'),
(325, 'Избрани теми от биоматематиката'),
(234, 'Извличане на знание от данни (Data Mining )'),
(326, 'Извличане на информация'),
(173, 'Изкуствен Интелект'),
(327, 'Изомонодромна деформация на линейни ОДУ с коефициенти рационални функции'),
(328, 'Изпъкналост и диференцируемост в Банахови пространства'),
(159, 'Изследване на операциите'),
(248, 'Изчислимост и сложност'),
(303, 'Изчислителна геометрия'),
(225, 'Икономика на софтуерното инженерство'),
(329, 'Интегрални уравнения'),
(249, 'Интернет технологии'),
(330, 'Информационни и комуникационни технологии'),
(216, 'Информационни системи – теория и практика'),
(207, 'Информационни системи (бази от данни)'),
(250, 'Информационните технологии в обучението на деца със специални образователни потребности'),
(382, 'Качествен програмен код'),
(331, 'Квантова теория на полето'),
(251, 'Кодиране и теория на информацията'),
(252, 'Комбинаторика, вероятности и статистика в училищния курс по математика'),
(190, 'Комплексен анализ'),
(332, 'Компютърна евристика'),
(253, 'Компютърни архитектури - практикум'),
(180, 'Компютърни архитектури (Карх)'),
(162, 'Компютърни мрежи'),
(197, 'Компютърни системи и технологии'),
(254, 'Компютърно геометрично моделиране'),
(226, 'Комуникативни умения'),
(255, 'Конкурентно програмиране'),
(333, 'Крайни геометрии'),
(256, 'Линейни диференциални оператори'),
(181, 'Логическо програмиране'),
(257, 'Макроикономика 2'),
(213, 'Макроикономика I'),
(258, 'Математическа екология'),
(191, 'Математическа логика'),
(334, 'Математическа текстообработка'),
(335, 'Математически методи в метеорологията'),
(336, 'Математически методи в педагогическата диагностика'),
(259, 'Математически модели във физиката'),
(212, 'Математически увод в икономиката'),
(260, 'Математическо моделиране'),
(193, 'Математическо оптимиране 1'),
(194, 'Математическо оптимиране 2'),
(309, 'Метод на крайните елементи - алгоритмични основи'),
(211, 'Методика на обучението по информатика и ИТ с хоспитиране'),
(208, 'Методика на обучението по математика – 2 с хоспитиране'),
(205, 'Методика на обучението по математика I (Обща методика)'),
(195, 'Механика на непрекъснатите среди'),
(337, 'Механика на разрушенията'),
(261, 'Механика на флуидите'),
(338, 'Модели в социалните науки'),
(308, 'Модели за управление на качеството'),
(339, 'Модели на смъртност'),
(304, 'Мрежова сигурност'),
(165, 'Мрежово програмиране'),
(340, 'Мултипликативна теория на числата'),
(341, 'Небесна механика'),
(342, 'Неравенства'),
(263, 'Обектно-ориентирано програмиране с C# NET'),
(264, 'Обектно-ориентирано програмиране с JAVA'),
(343, 'Обща топология'),
(160, 'Операционни системи'),
(265, 'Операционни системи и офис приложения -практикум'),
(393, 'Оптимизационна теория на графите'),
(344, 'Оптимизация на административния персонал в СУ'),
(266, 'Основи на TCP/IP (в. 4 и в. 6)'),
(215, 'Основи на информационните системи'),
(157, 'Основи на компютърната графика'),
(199, 'Педагогика'),
(345, 'Политически приоритети и практическа реализация на интегрираното образование'),
(305, 'Понятия и структури в езиците за програмиране'),
(267, 'Практикум Компютърни мрежи (CCNA)'),
(188, 'Практикум по информатика'),
(209, 'Практикум по математика'),
(394, 'Практическо програмиране с Perl'),
(268, 'ПРЕДПРИЕМАЧЕСТВО „Учебна компания” (програма на „Джуниър Ачийвмънт”)'),
(347, 'Представяния на компактни групи на Ли'),
(269, 'Преобразование на Фурие и Уейвлети-приложение в обработката на сигнали'),
(348, 'Приложен софтуер'),
(349, 'Приложение на групите на Ли в диференциалните уравнения'),
(214, 'Приложна статистика'),
(306, 'Програмиране 101'),
(395, 'Програмиране за iOS'),
(270, 'Програмиране за ОС Android'),
(399, 'Програмиране на C'),
(350, 'Програмиране на Java EE приложения'),
(271, 'Програмиране с .NET Framework и WPF'),
(351, 'Програмиране с Python'),
(396, 'Програмиране с Ruby on Rails'),
(233, 'Проектиране и интегриране на софтуерни системи'),
(228, 'Проектиране на човеко машинен интерфейс'),
(352, 'Проектиране на човеко-машинен интерфейс'),
(200, 'Психология'),
(272, 'Разклоняващи се процеси'),
(273, 'Размити множества и приложения'),
(217, 'Разпределени ИТ архитектури (рИТарх)'),
(231, 'Разпределени софтуерни архитектури'),
(353, 'Разработване на богати Интернет приложения с Adobe Flex (RIAAFLEX)'),
(354, 'Разработване на богати Интернет приложения с Microsoft Silverlight'),
(307, 'Разработка на уеб приложения с .NET Framework и ASP.NET'),
(274, 'Реторика'),
(355, 'Риманова геометрия, избрани приложения, метод на Бохнер и теореми за анулиране'),
(183, 'Семантика на езиците за програмиране'),
(356, 'Семинар по алгебра'),
(357, 'Семинар по алгоритми'),
(275, 'Семинар по Геометрия и математична физика'),
(276, 'Семинар по Динамични системи и теория на числата'),
(358, 'Семинар по Проектиране и интегриране на софтуерни системи'),
(359, 'Семинар по функционален анализ'),
(223, 'Системи за е – бизнес'),
(168, 'Системи за паралелна обработка'),
(220, 'Системи за управление на бази от данни'),
(218, 'Системи, основани на знания'),
(164, 'Системно програмиране'),
(360, 'Системно програмиране на C за Linux'),
(361, 'Случайни процеси'),
(277, 'Соболеви пространства и приложения в ЧДУ'),
(174, 'Софтуерни Архитектури'),
(227, 'Софтуерни архитектури и разработка на софтуер'),
(170, 'Софтуерни технологии'),
(362, 'Софтуерни шаблони за проектиране'),
(230, 'Социално правни аспекти на софтуерното инженерство'),
(171, 'Социално-правни аспекти на ИТ'),
(278, 'Специални функции и приложения'),
(279, 'Сплайн-функции и приложения'),
(300, 'Стаж по информатика'),
(363, 'Статистически методи в БДС'),
(280, 'Структури върху гладки многообразия'),
(364, 'Структури от данни 2'),
(155, 'Структури от данни и ООП'),
(281, 'Съвременни комуникации'),
(365, 'Съвременно уеб-програмиране с РНР'),
(366, 'Съвременно функционално програмиране'),
(367, 'Съдържание и методика на извънкласната работа по математика'),
(282, 'Състезания по математика за студенти - 1 част'),
(368, 'Състезания по математика за студенти - 2 част'),
(283, 'Тензорно смятане'),
(284, 'Теоретични основи на компютърната топология'),
(285, 'Теория на апроксимациите'),
(196, 'Теория на вероятностите'),
(369, 'Теория на Галоа'),
(287, 'Теория на графите'),
(288, 'Теория на диференчните схеми'),
(311, 'Теория на игрите'),
(289, 'Теория на множествата'),
(290, 'Теория на мрежите(Социални изследователски мрежи)'),
(299, 'Теория на мярката и интеграла (Интеграл на Лебег)'),
(291, 'Теория на пластичността и пълзенето'),
(292, 'Теория на разпределенията и трансформация на Фурие'),
(202, 'Теория на числата'),
(370, 'Топология за информатици'),
(293, 'Топология на метричните пространства'),
(294, 'Увод в актюерството'),
(295, 'Увод в аналитичната теория на числата'),
(371, 'Увод в комутативната алгебра'),
(151, '﻿Увод в програмирането'),
(372, 'Увод в съвременната теория на Частните диференциални уравнения'),
(397, 'Увод в състезателното програмиране'),
(373, 'Увод в теорията на кодирането'),
(374, 'Увод в теорията на числата'),
(296, 'Увод във времеви редове'),
(297, 'Увод във функционалния анализ'),
(229, 'Управление на качеството'),
(224, 'Управление на проекти'),
(375, 'Устойчивост и управление на движението'),
(376, 'Учебна документация'),
(198, 'Училищен курс по алгебра и анализ'),
(203, 'Училищен курс по геометрия'),
(206, 'Училищен курс по информатика'),
(210, 'Училищен курс по информационни технологии'),
(377, 'Факторни планове'),
(378, 'Философия на математиката'),
(379, 'Фрактали'),
(381, 'Функционални пространства и теория на интерполацията'),
(156, 'Функционално Програмиране'),
(380, 'Хидродинамика'),
(192, 'Частни диференциални уравнения'),
(166, 'Числен анализ'),
(182, 'Числени методи'),
(184, 'Числени методи за диференциални уравнения'),
(310, 'Числени методи за решаване на системи с разредени матрици');

-- --------------------------------------------------------

--
-- Структура на таблица `feedback`
--

CREATE TABLE IF NOT EXISTS `feedback` (
  `uid` int(11) NOT NULL AUTO_INCREMENT,
  `positive_text` text COLLATE utf8_unicode_ci NOT NULL,
  `negative_text` text COLLATE utf8_unicode_ci NOT NULL,
  `rating` int(11) NOT NULL,
  PRIMARY KEY (`uid`)
) ENGINE=InnoDB DEFAULT CHARSET=utf8 COLLATE=utf8_unicode_ci AUTO_INCREMENT=1 ;

-- --------------------------------------------------------

--
-- Структура на таблица `questions`
--

CREATE TABLE IF NOT EXISTS `questions` (
  `uid` int(11) NOT NULL AUTO_INCREMENT,
  `text` text COLLATE utf8_unicode_ci NOT NULL,
  PRIMARY KEY (`uid`)
) ENGINE=InnoDB DEFAULT CHARSET=utf8 COLLATE=utf8_unicode_ci AUTO_INCREMENT=1 ;

-- --------------------------------------------------------

--
-- Структура на таблица `question_to_feedback`
--

CREATE TABLE IF NOT EXISTS `question_to_feedback` (
  `uid` int(11) NOT NULL AUTO_INCREMENT,
  `feedback_id` int(11) NOT NULL,
  `question_id` int(11) NOT NULL,
  `rating` int(11) NOT NULL,
  PRIMARY KEY (`uid`)
) ENGINE=InnoDB DEFAULT CHARSET=utf8 COLLATE=utf8_unicode_ci AUTO_INCREMENT=1 ;

-- --------------------------------------------------------

--
-- Структура на таблица `students`
--

CREATE TABLE IF NOT EXISTS `students` (
  `uid` int(11) NOT NULL AUTO_INCREMENT,
  `name` varchar(255) COLLATE utf8_unicode_ci NOT NULL,
  `subject_id` int(11) NOT NULL,
  PRIMARY KEY (`uid`)
) ENGINE=InnoDB DEFAULT CHARSET=utf8 COLLATE=utf8_unicode_ci AUTO_INCREMENT=1 ;

-- --------------------------------------------------------

--
-- Структура на таблица `student_to_feedback`
--

CREATE TABLE IF NOT EXISTS `student_to_feedback` (
  `uid` int(11) NOT NULL AUTO_INCREMENT,
  `feedback_id` int(11) NOT NULL,
  `student_id` int(11) NOT NULL,
  PRIMARY KEY (`uid`)
) ENGINE=InnoDB DEFAULT CHARSET=utf8 COLLATE=utf8_unicode_ci AUTO_INCREMENT=1 ;

-- --------------------------------------------------------

--
-- Структура на таблица `subjects`
--

CREATE TABLE IF NOT EXISTS `subjects` (
  `uid` int(11) NOT NULL AUTO_INCREMENT,
  `name` varchar(255) COLLATE utf8_unicode_ci NOT NULL,
  PRIMARY KEY (`uid`),
  UNIQUE KEY `name` (`name`)
) ENGINE=InnoDB  DEFAULT CHARSET=utf8 COLLATE=utf8_unicode_ci AUTO_INCREMENT=9 ;

--
-- Ссхема на данните от таблица `subjects`
--

INSERT INTO `subjects` (`uid`, `name`) VALUES
(4, 'Информатика'),
(2, 'Информационни системи'),
(1, 'Компютърни Науки'),
(6, 'Математика'),
(5, 'Математика и информатика'),
(7, 'Приложна математика'),
(3, 'Софтуерно инженерство'),
(8, 'Статистика');

-- --------------------------------------------------------

--
-- Структура на таблица `subject_to_course`
--

CREATE TABLE IF NOT EXISTS `subject_to_course` (
  `uid` int(11) NOT NULL AUTO_INCREMENT,
  `subject_id` int(11) NOT NULL,
  `course_id` int(11) NOT NULL,
  PRIMARY KEY (`uid`)
) ENGINE=InnoDB DEFAULT CHARSET=utf8 COLLATE=utf8_unicode_ci AUTO_INCREMENT=1 ;

-- --------------------------------------------------------

--
-- Структура на таблица `teachers`
--

CREATE TABLE IF NOT EXISTS `teachers` (
  `uid` int(11) NOT NULL AUTO_INCREMENT,
  `name` varchar(255) COLLATE utf8_unicode_ci NOT NULL,
  PRIMARY KEY (`uid`),
  UNIQUE KEY `name` (`name`)
) ENGINE=InnoDB  DEFAULT CHARSET=utf8 COLLATE=utf8_unicode_ci AUTO_INCREMENT=188 ;

--
-- Ссхема на данните от таблица `teachers`
--

INSERT INTO `teachers` (`uid`, `name`) VALUES
(185, 'ас. Ана Авджиева'),
(174, 'ас. Георги Къдрев'),
(116, 'ас. Георги Пенчев'),
(47, 'ас. д-р Иван Минчев'),
(117, 'ас. Дафина Петкова'),
(118, 'ас. Димитър Димитров'),
(175, 'ас. Ирена Павлова'),
(17, 'ас. Константин Табаков'),
(88, 'ас. Милен Чечев'),
(119, 'ас. Мирослав Недялков'),
(37, 'ас. Нина Даскалова'),
(120, 'ас. Радослава Горанова'),
(89, 'ас. Теменужка Зафирова Малчева'),
(121, 'ас. Трифон Трифонов'),
(96, 'гл. ас. Александър Александров'),
(183, 'гл. ас. Ангелина Йотова'),
(133, 'гл. ас. Антон Зиновиев'),
(110, 'гл. ас. Асен Александров'),
(14, 'гл. ас. Асен Божилов'),
(84, 'гл. ас. Атанас Георгиев'),
(97, 'гл. ас. Васил Гочев'),
(90, 'гл. ас. Василий Тодоров'),
(35, 'гл. ас. Венелин Черногоров'),
(21, 'гл. ас. Владимир Атанасов'),
(147, 'гл. ас. Владимир Попов'),
(171, 'гл. ас. д-р Александър Димов'),
(38, 'гл. ас. д-р Анна Попова'),
(108, 'гл. ас. д-р Атанас Семерджиев'),
(22, 'гл. ас. д-р Богдана Георгиева'),
(9, 'гл. ас. д-р Борис Коцев'),
(144, 'гл. ас. д-р Борислав Драганов'),
(34, 'гл. ас. д-р Весела Стоименова'),
(155, 'гл. ас. д-р Веселин Гушев'),
(16, 'гл. ас. д-р Диана Левченко'),
(10, 'гл. ас. д-р Диана Радкова'),
(109, 'гл. ас. д-р Димитрина Ставрова'),
(11, 'гл. ас. д-р Екатерина Михайлова'),
(83, 'гл. ас. д-р Емилия Бранкова'),
(94, 'гл. ас. д-р Красимира Влъчкова'),
(48, 'гл. ас. д-р Маргарита Спирова'),
(131, 'гл. ас. д-р Мария Соскова'),
(12, 'гл. ас. д-р Мая Стоянова'),
(173, 'гл. ас. д-р Милен Петров'),
(69, 'гл. ас. д-р Моника Филипова'),
(145, 'гл. ас. д-р Никола Владов'),
(13, 'гл. ас. д-р Николай Колев'),
(146, 'гл. ас. д-р Първан Първанов'),
(95, 'гл. ас. д-р Руси Йорданов'),
(59, 'гл. ас. д-р Светлин Георгиев'),
(60, 'гл. ас. д-р Тодор Попов'),
(132, 'гл. ас. д-р Христо Ганчев'),
(61, 'гл. ас. д-р Цветан Христов'),
(162, 'гл. ас. Диана Раковска'),
(85, 'гл. ас. Евгения Ковачева'),
(98, 'гл. ас. Елза Иванова'),
(86, 'гл. ас. Елиза Стефанова'),
(36, 'гл. ас. Емил Каменов'),
(70, 'гл. ас. Емилия Живкова'),
(25, 'гл. ас. Иван Боздуганов'),
(148, 'гл. ас. Иван Делев'),
(184, 'гл. ас. Иван Христов'),
(156, 'гл. ас. Ирина Вутова'),
(111, 'гл. ас. Калин Николов'),
(187, 'гл. ас. Моника Филипова'),
(149, 'гл. ас. Николай Буюклиев'),
(157, 'гл. ас. Николина Николова'),
(112, 'гл. ас. Петър Армянов'),
(158, 'гл. ас. Ридван Исуфов'),
(150, 'гл. ас. Росен Николов'),
(71, 'гл. ас. Румяна Лесева'),
(72, 'гл. ас. Сабина Бочева'),
(113, 'гл. ас. Савка Костадинова'),
(23, 'гл. ас. Слави Лазаров'),
(73, 'гл. ас. Стела Русева'),
(114, 'гл. ас. Стефан Бончев'),
(15, 'гл. ас. Татяна Тодорова'),
(159, 'гл. ас. Теодоси Витанов'),
(87, 'гл. ас. Траян Илиев'),
(74, 'гл. ас. Христина Зашева'),
(115, 'гл. ас. Христо Христов'),
(49, 'гл. ас. Юлиан Цанков'),
(50, 'гл. ас. Яна Алексиева'),
(172, 'гл.ас. д-р Десислава Петрова-Антонова'),
(182, 'гл.ас. д-р Петър Петров'),
(62, 'гл.ас. д-р Цветана Стоянова'),
(75, 'д- р Минко Марков'),
(160, 'д-р Жулгена Бенбасат - Банкова'),
(6, 'доц. д-р Азнив Каспарян'),
(122, 'доц. д-р Александра Соскова'),
(165, 'доц. д-р Александър Григоров'),
(126, 'доц. д-р Анатолий Буда'),
(152, 'доц. д-р Ангел Ангелов'),
(127, 'доц. д-р Ангел Дичев'),
(51, 'доц. д-р Ангел Живков'),
(63, 'доц. д-р Антон Петков'),
(78, 'доц. д-р Антоний Попов'),
(40, 'доц. д-р Ася Русева'),
(64, 'доц. д-р Атанас Терзиев'),
(41, 'доц. д-р Богдан Александров'),
(79, 'доц. д-р Божидар Сендов'),
(166, 'доц. д-р Боян Бончев'),
(93, 'доц. д-р Ваня Хаджийски'),
(138, 'доц. д-р Васил Цанов'),
(101, 'доц. д-р Васил Цунижев'),
(42, 'доц. д-р Веселка Михова'),
(134, 'доц. д-р Владимир Бабев'),
(99, 'доц. д-р Владимир Димитров, ръководител катедра'),
(54, 'доц. д-р Гено Дачев'),
(139, 'доц. д-р Георги Александров'),
(91, 'доц. д-р Георги Димов'),
(43, 'доц. д-р Гергана Енева'),
(65, 'доц. д-р Димитър Биров'),
(102, 'доц. д-р Димитър Добрев'),
(29, 'доц. д-р Дончо Дончев'),
(80, 'доц. д-р Евгений Кръстев'),
(7, 'доц. д-р Евгения Великова'),
(167, 'доц. д-р Елисавета Гурова'),
(168, 'доц. д-р Иван Койчев'),
(20, 'доц. д-р Иван Миховски'),
(151, 'доц. д-р Иван Тонов'),
(81, 'доц. д-р Илиана Николова'),
(55, 'доц. д-р Йордан Йорданов'),
(30, 'доц. д-р Йордан Митев'),
(103, 'доц. д-р Калинка Калоянова'),
(66, 'доц. д-р Камен Спасов'),
(153, 'доц. д-р Кирил Банков'),
(77, 'доц. д-р Красен Стефанов'),
(67, 'доц. д-р Красимир Манев'),
(31, 'доц. д-р Леда Минкова'),
(178, 'доц. д-р Лозко Милев'),
(140, 'доц. д-р Людмила Николова'),
(104, 'доц. д-р Магдалина Тодорова'),
(56, 'доц. д-р Мария Каратопраклиева'),
(105, 'доц. д-р Мария Нишева'),
(32, 'доц. д-р Марусия Божкова'),
(141, 'доц. д-р Милен Иванов'),
(142, 'доц. д-р Милко Такев'),
(143, 'доц. д-р Надежда Рибарска'),
(27, 'доц. д-р Надя Златева, ръководител катедра'),
(179, 'доц. д-р Никола Найденов'),
(57, 'доц. д-р Огнян Христов'),
(169, 'доц. д-р Олга Георгиева'),
(82, 'доц. д-р Павел Бойчев'),
(106, 'доц. д-р Павел Павлов'),
(170, 'доц. д-р Петко Русков'),
(128, 'доц. д-р Петьо Петков'),
(33, 'доц. д-р Пламен Матеев'),
(8, 'доц. д-р Пламен Сидеров'),
(163, 'доц. д-р Силвия Илиева'),
(45, 'доц. д-р Симеон Замковой'),
(180, 'доц. д-р Спас Ташев'),
(129, 'доц. д-р Стела Николова'),
(68, 'доц. д-р Стефан Димитров'),
(44, 'доц. д-р Стефана Хинева'),
(107, 'доц. д-р Стоян Бъчваров'),
(181, 'доц. д-р Татяна Черногорова'),
(130, 'доц. д-р Тинко Тинчев'),
(18, 'доц. д-р Тодор Парталин'),
(58, 'доц. д-р Тошко Боев'),
(46, 'доц. д-р Чавдар Лозанов'),
(154, 'доц. д-р Юлия Нинова'),
(186, 'мат. Вая Ракидзи'),
(76, 'мат. Мария Ганева'),
(161, 'мат. Таня Тонова'),
(26, 'математик Георги Димитров'),
(5, 'проф. д-р Керопе Чакърян'),
(28, 'проф. д-р Никола Янев'),
(176, 'проф. д.м.н. Гено Николов'),
(124, 'проф. д.м.н. Димитър Вакарелов'),
(125, 'проф. д.м.н. Димитър Скордев'),
(135, 'проф. д.м.н. Дойчин Толев'),
(92, 'проф. д.м.н. Евгени Христов'),
(123, 'проф. д.м.н. Иван Сосков'),
(19, 'проф. д.м.н. Любомир Лилов'),
(53, 'проф. д.м.н. Недю Попиванов'),
(4, '﻿проф. д.м.н. Недялко Ненов'),
(100, 'проф. д.м.н. Николай Хаджииванов'),
(136, 'проф. д.м.н. Рони Леви'),
(137, 'проф. д.м.н. Румен Малеев'),
(39, 'проф. д.м.н. Стефан Иванов'),
(177, 'проф. д.м.н. Стефка Димова'),
(24, 'проф. д.м.н. Цоло Иванов'),
(164, 'проф. д.т.н. Христо Кабакчиев'),
(52, 'чл. кор. Емил Хорозов');

-- --------------------------------------------------------

--
-- Структура на таблица `teacher_to_course`
--

CREATE TABLE IF NOT EXISTS `teacher_to_course` (
  `uid` int(11) NOT NULL AUTO_INCREMENT,
  `course_id` int(11) NOT NULL,
  `teacher_id` int(11) NOT NULL,
  PRIMARY KEY (`uid`)
) ENGINE=InnoDB  DEFAULT CHARSET=utf8 COLLATE=utf8_unicode_ci AUTO_INCREMENT=23 ;

--
-- Ссхема на данните от таблица `teacher_to_course`
--

INSERT INTO `teacher_to_course` (`uid`, `course_id`, `teacher_id`) VALUES
(1, 151, 65),
(3, 151, 106),
(4, 154, 7),
(5, 153, 139),
(6, 152, 67),
(7, 398, 139),
(8, 175, 43),
(9, 155, 65),
(10, 178, 122),
(11, 399, 107),
(12, 180, 63),
(13, 156, 105),
(14, 157, 78),
(15, 160, 187),
(16, 160, 72),
(17, 161, 67),
(18, 161, 75),
(19, 162, 73),
(20, 162, 68),
(21, 222, 106),
(22, 219, 106);

/*!40101 SET CHARACTER_SET_CLIENT=@OLD_CHARACTER_SET_CLIENT */;
/*!40101 SET CHARACTER_SET_RESULTS=@OLD_CHARACTER_SET_RESULTS */;
/*!40101 SET COLLATION_CONNECTION=@OLD_COLLATION_CONNECTION */;
