-- phpMyAdmin SQL Dump
-- version 3.4.3.2
-- http://www.phpmyadmin.net
--
-- Хост: localhost
-- Време на генериране:  5 фев 2012 в 19:38
-- Версия на сървъра: 5.1.56
-- Версия на PHP: 5.2.9

SET SQL_MODE="NO_AUTO_VALUE_ON_ZERO";
SET time_zone = "+00:00";


/*!40101 SET @OLD_CHARACTER_SET_CLIENT=@@CHARACTER_SET_CLIENT */;
/*!40101 SET @OLD_CHARACTER_SET_RESULTS=@@CHARACTER_SET_RESULTS */;
/*!40101 SET @OLD_COLLATION_CONNECTION=@@COLLATION_CONNECTION */;
/*!40101 SET NAMES utf8 */;

--
-- База данни: `gamecraf_fmifeedback`
--

-- --------------------------------------------------------

--
-- Структура на таблица `courses`
--

CREATE TABLE IF NOT EXISTS `courses` (
  `uid` int(11) NOT NULL AUTO_INCREMENT,
  `name` varchar(255) COLLATE utf8_unicode_ci NOT NULL,
  PRIMARY KEY (`uid`),
  UNIQUE KEY `name` (`name`)
) ENGINE=InnoDB  DEFAULT CHARSET=utf8 COLLATE=utf8_unicode_ci AUTO_INCREMENT=434 ;

--
-- Ссхема на данните от таблица `courses`
--

INSERT INTO `courses` (`uid`, `name`) VALUES
(384, '3D графика и трасиране на лъчи'),
(222, 'ASP програмиране'),
(301, 'C++ за напреднали'),
(235, '﻿Fundamentals of Network security'),
(262, 'Oбектно-ориентиран анализ и дизайн на езика UML'),
(312, 'Visual Basic за приложения'),
(313, 'WAP & WML & XHTML'),
(172, 'WWW Технологии'),
(219, 'XML програмиране'),
(154, 'Алгебра 1 (Линейна Алгебра)'),
(163, 'Алгебра 2 (Висша Алгебра)'),
(236, 'Алгебри и групи на Ли'),
(314, 'Алгебрична и хомотопична топология'),
(315, 'Алгебрична теория на числата'),
(153, 'Анализ 1'),
(398, 'Анализ 2'),
(221, 'Анализ и проектиране на информационни системи'),
(316, 'Анализ на Клифорд за диференциални уравнения'),
(232, 'Анализ на софтуерните изисквания'),
(175, 'Аналитична геометрия'),
(189, 'Аналитична механика'),
(158, 'Английски език'),
(317, 'Архитектурно моделиране и симулация на информационни системи'),
(204, 'Аудио-визуални и информационни технологии в обучението'),
(167, 'Бази от данни'),
(318, 'Вариационно смятане'),
(319, 'Векторна компютърна графика'),
(169, 'Вероятности и статистика'),
(386, 'Вероятностни модели'),
(383, 'Виртуализация и Cloud Computing'),
(185, 'Висша алгебра 2'),
(400, 'Въведение в IBM Lotus Domino 8.5 Xpages'),
(401, 'Въведение в Генетиката'),
(237, 'Геометрия и топология'),
(320, 'Геометрия на движението'),
(387, 'Геометрия на многообразията'),
(302, 'Граматики за генеративно изкуство'),
(238, 'Дескриптивна геометрия'),
(402, 'Дескриптивна теория на множествата'),
(403, 'Дигитализирани екосистеми (Digitized Ecosystems)'),
(161, 'Дизайн и анализ на алгоритми'),
(321, 'Динамични геометрични системи'),
(404, 'Динамични Системи'),
(322, 'Директорийни услуги'),
(187, 'Дискретна математика'),
(239, 'Дискретна оптимизация'),
(152, 'Дискретни структури'),
(186, 'Диференциална геометрия'),
(179, 'Диференциални уравнения'),
(241, 'Диференциални уравнения и приложения с "Mathematica", "Matlab" или "Maple'),
(240, 'Диференциални уравнения със закъснения'),
(176, 'Диференциално и интегрално смятане 1 (ДИС 1)'),
(177, 'Диференциално и интегрално смятане 2 (ДИС 2)'),
(242, 'Допълнение към курса по ДИС за компютърни специалности'),
(243, 'Е-бизнес: стратегия, архитектура, проектиране'),
(405, 'Език за програмиране C#'),
(244, 'Езикова култура'),
(406, 'Езици за Системно Програмиране'),
(201, 'Езици и среди за обучение'),
(178, 'Езици, автомати и изчислимост'),
(298, 'Екология и опазване на околната среда'),
(246, 'Експериментални методи в механиката с практикум'),
(323, 'Експериментални методи в механиката с практикум II'),
(407, 'Експоненциални суми в теорията на числата'),
(324, 'Електронно обучение'),
(390, 'Елементи от теория на информацията'),
(247, 'Елиптични криви'),
(325, 'Избрани теми от биоматематиката'),
(234, 'Извличане на знание от данни (Data Mining )'),
(326, 'Извличане на информация'),
(173, 'Изкуствен Интелект'),
(327, 'Изомонодромна деформация на линейни ОДУ с коефициенти рационални функции'),
(328, 'Изпъкналост и диференцируемост в Банахови пространства'),
(159, 'Изследване на операциите'),
(248, 'Изчислимост и сложност'),
(303, 'Изчислителна геометрия'),
(225, 'Икономика на софтуерното инженерство'),
(329, 'Интегрални уравнения'),
(249, 'Интернет технологии'),
(330, 'Информационни и комуникационни технологии'),
(216, 'Информационни системи – теория и практика'),
(207, 'Информационни системи (бази от данни)'),
(250, 'Информационните технологии в обучението на деца със специални образователни потребности'),
(382, 'Качествен програмен код'),
(331, 'Квантова теория на полето'),
(251, 'Кодиране и теория на информацията'),
(252, 'Комбинаторика, вероятности и статистика в училищния курс по математика'),
(190, 'Комплексен анализ'),
(332, 'Компютърна евристика'),
(253, 'Компютърни архитектури - практикум'),
(180, 'Компютърни архитектури (Карх)'),
(162, 'Компютърни мрежи'),
(197, 'Компютърни системи и технологии'),
(254, 'Компютърно геометрично моделиране'),
(226, 'Комуникативни умения'),
(255, 'Конкурентно програмиране'),
(333, 'Крайни геометрии'),
(408, 'Курс по Съвременна Физика'),
(256, 'Линейни диференциални оператори'),
(181, 'Логическо програмиране'),
(257, 'Макроикономика 2'),
(213, 'Макроикономика I'),
(258, 'Математическа екология'),
(191, 'Математическа логика'),
(409, 'Математическа Статистика'),
(334, 'Математическа текстообработка'),
(335, 'Математически методи в метеорологията'),
(336, 'Математически методи в педагогическата диагностика'),
(259, 'Математически модели във физиката'),
(410, 'Математически модели и изчислителен експеримент'),
(212, 'Математически увод в икономиката'),
(260, 'Математическо моделиране'),
(193, 'Математическо оптимиране 1'),
(194, 'Математическо оптимиране 2'),
(309, 'Метод на крайните елементи - алгоритмични основи'),
(211, 'Методика на обучението по информатика и ИТ с хоспитиране'),
(208, 'Методика на обучението по математика – 2 с хоспитиране'),
(205, 'Методика на обучението по математика I (Обща методика)'),
(195, 'Механика на непрекъснатите среди'),
(337, 'Механика на разрушенията'),
(261, 'Механика на флуидите'),
(411, 'Минерални Сорбенти'),
(412, 'Мислене в математиката и информатиката'),
(338, 'Модели в социалните науки'),
(308, 'Модели за управление на качеството'),
(339, 'Модели на смъртност'),
(413, 'Молекулен Дизайн'),
(304, 'Мрежова сигурност'),
(165, 'Мрежово програмиране'),
(340, 'Мултипликативна теория на числата'),
(341, 'Небесна механика'),
(414, 'Немски език за начинаещи'),
(342, 'Неравенства'),
(263, 'Обектно-ориентирано програмиране с C# NET'),
(264, 'Обектно-ориентирано програмиране с JAVA'),
(415, 'Обща Теория на Относителността'),
(343, 'Обща топология'),
(160, 'Операционни системи'),
(265, 'Операционни системи и офис приложения -практикум'),
(393, 'Оптимизационна теория на графите'),
(344, 'Оптимизация на административния персонал в СУ'),
(266, 'Основи на TCP/IP (в. 4 и в. 6)'),
(215, 'Основи на информационните системи'),
(157, 'Основи на компютърната графика'),
(199, 'Педагогика'),
(345, 'Политически приоритети и практическа реализация на интегрираното образование'),
(305, 'Понятия и структури в езиците за програмиране'),
(267, 'Практикум Компютърни мрежи (CCNA)'),
(188, 'Практикум по информатика'),
(209, 'Практикум по математика'),
(394, 'Практическо програмиране с Perl'),
(268, 'ПРЕДПРИЕМАЧЕСТВО „Учебна компания” (програма на „Джуниър Ачийвмънт”)'),
(347, 'Представяния на компактни групи на Ли'),
(269, 'Преобразование на Фурие и Уейвлети-приложение в обработката на сигнали'),
(348, 'Приложен софтуер'),
(349, 'Приложение на групите на Ли в диференциалните уравнения'),
(416, 'Приложна алгебрична геометрия 2'),
(214, 'Приложна статистика'),
(306, 'Програмиране 101'),
(395, 'Програмиране за iOS'),
(270, 'Програмиране за ОС Android'),
(399, 'Програмиране на C'),
(350, 'Програмиране на Java EE приложения'),
(271, 'Програмиране с .NET Framework и WPF'),
(351, 'Програмиране с Python'),
(396, 'Програмиране с Ruby on Rails'),
(233, 'Проектиране и интегриране на софтуерни системи'),
(417, 'Проектиране на Java сървърни  приложения'),
(228, 'Проектиране на човеко машинен интерфейс'),
(352, 'Проектиране на човеко-машинен интерфейс'),
(200, 'Психология'),
(272, 'Разклоняващи се процеси'),
(273, 'Размити множества и приложения'),
(217, 'Разпределени ИТ архитектури (рИТарх)'),
(231, 'Разпределени софтуерни архитектури'),
(353, 'Разработване на богати Интернет приложения с Adobe Flex (RIAAFLEX)'),
(354, 'Разработване на богати Интернет приложения с Microsoft Silverlight'),
(307, 'Разработка на уеб приложения с .NET Framework и ASP.NET'),
(274, 'Реторика'),
(355, 'Риманова геометрия, избрани приложения, метод на Бохнер и теореми за анулиране'),
(183, 'Семантика на езиците за програмиране'),
(418, 'Семинар "Допълнителни въпроси от ДИС"'),
(356, 'Семинар по алгебра'),
(357, 'Семинар по алгоритми'),
(275, 'Семинар по Геометрия и математична физика'),
(276, 'Семинар по Динамични системи и теория на числата'),
(358, 'Семинар по Проектиране и интегриране на софтуерни системи'),
(419, 'Семинар по Теория на Графите'),
(359, 'Семинар по функционален анализ'),
(223, 'Системи за е – бизнес'),
(420, 'Системи за е-бизнес'),
(168, 'Системи за паралелна обработка'),
(220, 'Системи за управление на бази от данни'),
(218, 'Системи основани на знания'),
(164, 'Системно програмиране'),
(360, 'Системно програмиране на C за Linux'),
(361, 'Случайни процеси'),
(277, 'Соболеви пространства и приложения в ЧДУ'),
(174, 'Софтуерни Архитектури'),
(227, 'Софтуерни архитектури и разработка на софтуер'),
(170, 'Софтуерни технологии'),
(362, 'Софтуерни шаблони за проектиране'),
(230, 'Социално правни аспекти на софтуерното инженерство'),
(171, 'Социално-правни аспекти на ИТ'),
(278, 'Специални функции и приложения'),
(279, 'Сплайн-функции и приложения'),
(300, 'Стаж по информатика'),
(363, 'Статистически методи в БДС'),
(280, 'Структури върху гладки многообразия'),
(364, 'Структури от данни 2'),
(155, 'Структури от данни и ООП'),
(421, 'Съвременни Java Технологии'),
(281, 'Съвременни комуникации'),
(365, 'Съвременно уеб-програмиране с PHP'),
(366, 'Съвременно функционално програмиране'),
(367, 'Съдържание и методика на извънкласната работа по математика'),
(282, 'Състезания по математика за студенти - 1 част'),
(368, 'Състезания по математика за студенти - 2 част'),
(283, 'Тензорно смятане'),
(284, 'Теоретични основи на компютърната топология'),
(422, 'Теория и практика на преговорите'),
(285, 'Теория на апроксимациите'),
(196, 'Теория на вероятностите'),
(369, 'Теория на Галоа'),
(287, 'Теория на графите'),
(288, 'Теория на диференчните схеми'),
(311, 'Теория на игрите'),
(289, 'Теория на множествата'),
(290, 'Теория на мрежите(Социални изследователски мрежи)'),
(299, 'Теория на мярката и интеграла (Интеграл на Лебег)'),
(291, 'Теория на пластичността и пълзенето'),
(292, 'Теория на разпределенията и трансформация на Фурие'),
(202, 'Теория на числата'),
(370, 'Топология за информатици'),
(293, 'Топология на метричните пространства'),
(423, 'Убеждаваща комуникация и диалог'),
(294, 'Увод в актюерството'),
(295, 'Увод в аналитичната теория на числата'),
(371, 'Увод в комутативната алгебра'),
(151, '﻿Увод в програмирането'),
(433, 'Увод в софтуерното инженерство'),
(424, 'Увод в Статистиката'),
(372, 'Увод в съвременната теория на Частните диференциални уравнения'),
(397, 'Увод в състезателното програмиране'),
(425, 'Увод в теорията на динамичните системи и хаоса'),
(373, 'Увод в теорията на кодирането'),
(374, 'Увод в теорията на числата'),
(296, 'Увод във времеви редове'),
(297, 'Увод във функционалния анализ'),
(426, 'Управление на знания'),
(229, 'Управление на качеството'),
(427, 'Управление на поведението в личния и професионален живот'),
(224, 'Управление на проекти'),
(375, 'Устойчивост и управление на движението'),
(376, 'Учебна документация'),
(198, 'Училищен курс по алгебра и анализ'),
(203, 'Училищен курс по геометрия'),
(206, 'Училищен курс по информатика'),
(210, 'Училищен курс по информационни технологии'),
(377, 'Факторни планове'),
(378, 'Философия на математиката'),
(379, 'Фрактали'),
(428, 'Функционален анализ'),
(381, 'Функционални пространства и теория на интерполацията'),
(156, 'Функционално Програмиране'),
(380, 'Хидродинамика'),
(192, 'Частни диференциални уравнения'),
(166, 'Числен анализ'),
(182, 'Числени методи'),
(184, 'Числени методи за диференциални уравнения'),
(310, 'Числени методи за решаване на системи с разредени матрици'),
(429, 'Числено Интегриране'),
(430, 'Шаблони за Дизайн');

-- --------------------------------------------------------

--
-- Структура на таблица `feedback`
--

CREATE TABLE IF NOT EXISTS `feedback` (
  `uid` int(11) NOT NULL AUTO_INCREMENT,
  `positive_text` text COLLATE utf8_unicode_ci NOT NULL,
  `negative_text` text COLLATE utf8_unicode_ci NOT NULL,
  `student_id` int(11) DEFAULT NULL,
  `course_id` int(11) NOT NULL,
  `teacher_id` int(11) NOT NULL,
  `course_rating` int(11) NOT NULL,
  `teacher_rating` int(11) NOT NULL,
  `created` timestamp NOT NULL DEFAULT CURRENT_TIMESTAMP,
  PRIMARY KEY (`uid`),
  KEY `FK_feedback` (`student_id`)
) ENGINE=InnoDB  DEFAULT CHARSET=utf8 COLLATE=utf8_unicode_ci AUTO_INCREMENT=51 ;

--
-- Ссхема на данните от таблица `feedback`
--

INSERT INTO `feedback` (`uid`, `positive_text`, `negative_text`, `student_id`, `course_id`, `teacher_id`, `course_rating`, `teacher_rating`, `created`) VALUES
(1, 'Най-добрият курс във ФМИ', 'Нямма негативно мнение, всичко е супер.\r\nМоже би трябва да ползват Git вместо SVN за source контрол', NULL, 384, 190, 1, 1, '2012-01-30 12:46:21'),
(2, 'Да!', '', 1, 219, 106, 1, -1, '2012-01-30 12:55:01'),
(3, '', 'Да не съм бавноразвиващ да уча XML като задължителен предмет в Университета!\r\nПри човек, който хал хабер си няма от езици за програмиране, да не говорим за такива за маркиране.. О, забравих, според него курсът е "XML програмиране"...', NULL, 219, 106, -1, -1, '2012-01-30 12:59:22'),
(4, 'Самият предмет е интересен - дава интересни и полезни сведения за комуникациите и тяхната положителна и отрицателна гледна точка', 'Предмета не се преподава интересно, гледаме лекции, направени преди години, а не в крак със съвременните комуникации и всичко ново на пазара', NULL, 281, 67, -1, -1, '2012-01-30 13:00:51'),
(5, 'Хтра', '', NULL, 216, 120, 0, 1, '2012-01-30 13:02:53'),
(6, 'Доцент Толев, по моето мнение поднася доста добре учебния материал. Подробно се обясняват повечето нещаи се пишат на дъската и всички определения и теореми, което улеснява доста процеса на записване. Взех си изпита благодарение на записките, които съм си водила, което мисля, че е достатъчно.', '', NULL, 398, 135, 0, 1, '2012-01-30 13:06:30'),
(7, '', '', NULL, 153, 143, 1, 1, '2012-01-30 13:12:43'),
(8, 'кУР', '', NULL, 197, 150, 0, 0, '2012-01-30 13:13:41'),
(9, 'Има доста интересни теми в плана. Могат да бъдат полезни.\r\nМного съм доволен от асистента (Георги Пенчев).', 'Несериозно отношение на лектора (Антоний Попов) към материала и преподаването му, както и към зададените му въпроси (трудно може да се получи полезен отговор от него). ', NULL, 157, 78, 0, -1, '2012-01-30 13:15:45'),
(10, 'да областта на статистиката помага', 'За съжаление изисква много време с което не разполагам', NULL, 169, 33, 1, 0, '2012-01-30 13:17:41'),
(11, 'Материалът, който се изучава е полезен.', 'Моля лектора да си пренапише лекциите, които диктува без промяна повече то 10 години. Много тафтология, много думи за неща, които могат да се кажат просто и ясно и всичко това гарнирано с висока скорост на диктуване (по-висока от тази, с която студентите могат да пишат). Лекциите са „сухарски“, скучни, досадни... (градация!).\r\nЗа Лесева: Не разчитайте на интелекта на студентите! По-лесно, по-ползотворно и пестящо време е да отговорите директно на зададения Ви въпрос, без да се налага да разчитаме сигнали и да се досещаме. Времето е малко, както казвате, така че не го губете в дълги обяснение (заобиколки вместо директни отговори), а действайте по същество.\r\nИ, за Бога, направете нещо за вентилацията в компютърните зали. Горещо, задушно...заспивам.', NULL, 155, 107, 0, 0, '2012-01-30 13:25:19'),
(12, 'Да харесва ми', 'Но никога няма да го науча', NULL, 220, 99, -1, -1, '2012-01-30 14:11:45'),
(13, 'Много контролни - предразполагат хората да се занимават с предмета и през семестъра!', 'Не проверява контролните. писах за червената шапчица и имам 4 - какво по дяволите, в университет ли уча?', 2, 216, 99, 0, 0, '2012-01-30 14:55:45'),
(14, 'Примерът си показва проявения толеранс:\r\nвърнат отговор на предаден проект по пощата след позволените срокове и всичко :\r\n\r\n\r\nMaria Nisheva <marian@fmi.uni-sofia.bg> написа:\r\nБлагодаря ви; по-добре късно, отколкото още по-късно :)', 'Изключително учебен процес... LIKE VERY скучен, сравним единствено с лекциите на Павлов :D', NULL, 218, 105, 0, 1, '2012-01-30 15:02:47'),
(15, '', '', NULL, 216, 99, -1, -1, '2012-01-30 15:30:55'),
(16, 'Лекциите са пълни, разбираеми и интересни.', '', 3, 152, 75, 1, 1, '2012-01-30 17:21:08'),
(17, '', '', 3, 152, 72, 1, 1, '2012-01-30 17:22:58'),
(18, 'Преподава по много разбираем начин, оценява справедливо и обръща внимание на въпроси.', '', 3, 153, 96, 1, 1, '2012-01-30 17:24:35'),
(19, 'Преподава по много интересен и разбираем начин и обръща внимание на въпроси.', '', 3, 153, 139, 1, 1, '2012-01-30 17:26:05'),
(20, '', '', NULL, 181, 130, -1, -1, '2012-01-30 18:09:27'),
(21, 'Разглежда доста материал', 'Много задълбава в конкретни неща (главно java реализации)', NULL, 233, 166, 0, 0, '2012-01-30 21:26:22'),
(22, '', '', NULL, 152, 75, 1, 1, '2012-01-30 21:46:13'),
(23, '', 'Преподава изключително сухо, не отговаря на съществени въпроси. Когато нещо не се получава, не търси грешката и не помага. Само казва "при другите групи работеше". Същото казва и на другите групи... ', NULL, 162, 73, 1, -1, '2012-01-31 08:29:13'),
(24, 'Страшно полезна информация..', '..предадена по изключително скучен и приспиващ начин. Безумно дълги "презентации", съставени само от текст, който просто бива изчитан на студентите.\r\nМатериалите, които се качват в Муудъл, са под всякаква критика! Разбираме, че г-жа Илиева работи и съответно е заета, но не може всяка страница от лекцията да ти е на различен език!\r\nМнението ми е, че ако доц. Илиева няма възможност да отдели нужното внимание на дисциплиата, УСИ трябва да бъде прехвърлено на някой, който има тази възможност.', NULL, 433, 163, 1, -1, '2012-01-31 08:34:32'),
(25, 'Материалът е тежък, но Донев успява да го направи доколкото може "смилаем" за студентите. На по-тежките места пита дали да се върне и да ги обясни отново. ', '', NULL, 196, 29, 1, 1, '2012-01-31 08:36:01'),
(26, 'Отлчен преподаваател, справя се перфектно и на лекции и на упражнения. Изключително отзивчив когато студентите имат въпроси или нужда от помощ. ', '', NULL, 156, 108, 1, 1, '2012-01-31 12:41:04'),
(27, 'SELECT * FROM USERS', '', NULL, 266, 192, 0, 0, '2012-01-31 13:55:48'),
(28, '"SELECT * FROM USERS"', '', NULL, 235, 185, 0, 0, '2012-01-31 13:58:31'),
(29, 'Да, предметът е интересен и начинът на преподаване е лек и разбираем.', '', NULL, 154, 8, 0, 0, '2012-01-31 15:14:24'),
(30, ''' or ''1''=''1', ''' or ''1''=''1', 4, 222, 106, 0, 0, '2012-01-31 15:32:51'),
(31, 'Супер дисциплина! Засегнат е материал с широко практическо приложение.', '', NULL, 178, 122, 1, 1, '2012-01-31 17:11:28'),
(32, 'Има какво да се научи по този предмет. Точно екстремалните задачи смятам че са сред едни от най-важните но не мисля че преподавателите мислят така. Липсва хъс и сериозно отношение към предмета от страна на преподавателите и по специално Ексела на Венелин Черногоров.', '', NULL, 159, 35, 0, -1, '2012-01-31 22:43:41'),
(33, 'Да предмета ми харесва. Той е сред един от най - важните.', 'Асистент Емилия Живкова крайно много се заяждаше с мен.', NULL, 152, 70, 1, -1, '2012-01-31 22:46:12'),
(34, 'екстра е', '', NULL, 161, 67, 1, 1, '2012-02-01 00:56:54'),
(35, ' Предметът е полезен. Гл асистент Филипова ни даде много полезни материали за курса.', ' Бяхме помолили асистентката да започваме малко по-рано, защото втория час от упражненията се застъпваше с други предмети. Обаче вместо да идва по-рано тя винаги закъсняваше с поне 20-30 мин и поради това, че втория час съвпадаше с други лекции  упражненията обикновено продължаваха около 30 мин.    \r\n\r\nРазбирам, че асистентката идваше след работа и се занимаваше с нас само от добра воля, но при този начин на преподаване не успяхме да научим почти нищо. \r\n\r\n  \r\n\r\n\r\n ', NULL, 164, 69, -1, 0, '2012-02-01 11:51:26'),
(36, 'Предмета предоставя задълбочени познания.', 'Презентациите не са достатъчно интерактивни.', NULL, 220, 99, 0, 0, '2012-02-01 12:54:42'),
(37, 'Предмета има интересна тематика.', 'Лекторът не предоставя достатъчно добре материала.', NULL, 219, 106, 0, -1, '2012-02-01 12:57:43'),
(38, 'Нямам такова', 'Пълна подигравка със студентите.\r\nОценява на брой изписани страници, дори не чете съдържанието.\r\nКак човек да се мотивира да учи по иначе интересен предмет ?', NULL, 180, 63, -1, -1, '2012-02-01 23:46:37'),
(39, 'Курсът е изключително полезен и интересен - учат се неща, които попринцип трудно се научават.', 'Антоний Попов е изключително несериозен и неавторитете  преподавател.\r\nНяма никаква връзка със студентите, а нещата, които се учат не са дистрибутирани по най-добрият начин (Научете се най-накрая да ползвате source control системи)\r\nОсвен това, презентациите са 20 минути интересна част, цялото останало време - лекторът се опитва да показва разни неща, които не е оттренирал преди и всички си тръгват.\r\nПовече сериозност и малко по-добра организация, това има шанс да стане един от най-интересните курсове във факултета', NULL, 157, 78, 1, -1, '2012-02-02 14:01:24'),
(40, '', '', NULL, 259, 92, 1, 1, '2012-02-03 09:06:00'),
(41, '', '', NULL, 196, 29, 1, 1, '2012-02-03 09:09:22'),
(42, '', '', NULL, 153, 134, 0, -1, '2012-02-03 14:50:04'),
(43, 'Интересен човек, преподава по интересен и разбираем начин.', 'Отклонява се по несвързани с предмета теми.', NULL, 153, 134, 1, 1, '2012-02-03 14:54:15'),
(44, '', '', NULL, 154, 8, 1, 1, '2012-02-03 15:08:32'),
(45, '', '', NULL, 151, 107, -1, -1, '2012-02-04 01:17:48'),
(46, 'Асистентите бяха най-яките във ФМИ :)\r\nАрмянов и компания успяха да предадат смисъла на целият предмет, който иначе би бил провален от безграничната некадърност на Бъчваров.', 'Не сме преди 89-та. Не сме в комунистически режим. Нямаме нужда от преподаватели като Бъчваров - неговите знания са силно ограничени и това, което той преподава, е неговата си рамка, без да може да обяснява въпроси от какъвто и да е друг тип.\r\nВсичките лекции ги чете от листи и ги пише на дъската ? Програмиране е това, не история в 11ти клас.\r\nЗа доброто на факултета ще е ако Бъчваров прекрати преподавателска дейност възможно най-скоро.', 5, 399, 107, 1, -1, '2012-02-04 11:52:57'),
(47, 'Това е курсът с най-практическата насоченост във ФМИ.\r\nМомчетата дават всичко от себе си, преподават забавно и в рамките на 4 учебни часа лекции и 2 упражнения за 1 седмица, след 1 семестър всеки става на ниво поне Junior Java developer(ако не и по-нагоре)\r\nПовече такива курсове ;)', 'В упражненията често настъпваше хаос, но пък беше забавно :)', NULL, 421, 210, 1, 1, '2012-02-04 21:01:18'),
(48, 'проба', 'грешка', NULL, 365, 188, 1, 1, '2012-02-05 15:25:05'),
(49, 'Пуснете повече места тази година !', 'Много бързо свършват местата за записване.', NULL, 365, 116, 1, 1, '2012-02-05 15:49:25'),
(50, 'много добра организация, сравнително интересен предмет', 'Интересно ми е защо трябваше да го учим (специалност КН) - предметът изглеждаше изключително не на място по време на други сравнително тежки и интересни предмети.\r\nне мятам, че КН трябва да учат ИО (освен ако не е от тези, които може да си ги избереш сред други)', 5, 159, 35, 0, 0, '2012-02-05 16:56:07');

-- --------------------------------------------------------

--
-- Структура на таблица `gamified`
--

CREATE TABLE IF NOT EXISTS `gamified` (
  `id` int(11) NOT NULL AUTO_INCREMENT,
  `value` int(11) NOT NULL,
  `feedback_id` int(11) NOT NULL,
  `student_id` int(11) NOT NULL DEFAULT '0',
  PRIMARY KEY (`id`)
) ENGINE=InnoDB  DEFAULT CHARSET=utf8 COLLATE=utf8_unicode_ci AUTO_INCREMENT=48 ;

--
-- Ссхема на данните от таблица `gamified`
--

INSERT INTO `gamified` (`id`, `value`, `feedback_id`, `student_id`) VALUES
(1, 1, 1, 0),
(2, 1, 2, 1),
(3, 1, 3, 0),
(4, 0, 4, 0),
(5, 1, 5, 0),
(6, 0, 6, 0),
(7, 1, 7, 0),
(8, 0, 8, 0),
(9, 1, 9, 0),
(10, 0, 10, 0),
(11, 1, 11, 0),
(12, 1, 12, 0),
(13, 1, 13, 2),
(14, 1, 14, 0),
(15, 0, 15, 0),
(16, 1, 16, 3),
(17, 1, 20, 0),
(18, 0, 21, 0),
(19, 1, 22, 0),
(20, 0, 23, 0),
(21, 1, 24, 0),
(22, 0, 25, 0),
(23, 0, 26, 0),
(24, 1, 27, 0),
(25, 1, 28, 0),
(26, 1, 29, 0),
(27, 0, 30, 4),
(28, 1, 31, 0),
(29, 0, 32, 0),
(30, 0, 33, 0),
(31, 1, 34, 0),
(32, 1, 35, 0),
(33, 1, 36, 0),
(34, 1, 37, 0),
(35, 1, 38, 0),
(36, 1, 39, 0),
(37, 1, 40, 0),
(38, 0, 41, 0),
(39, 1, 42, 0),
(40, 1, 43, 0),
(41, 1, 44, 0),
(42, 1, 45, 0),
(43, 1, 46, 5),
(44, 1, 47, 0),
(45, 1, 48, 0),
(46, 1, 49, 0),
(47, 0, 1, -1);

-- --------------------------------------------------------

--
-- Структура на таблица `questions`
--

CREATE TABLE IF NOT EXISTS `questions` (
  `uid` int(11) NOT NULL AUTO_INCREMENT,
  `text` text COLLATE utf8_unicode_ci NOT NULL,
  PRIMARY KEY (`uid`)
) ENGINE=InnoDB DEFAULT CHARSET=utf8 COLLATE=utf8_unicode_ci AUTO_INCREMENT=1 ;

-- --------------------------------------------------------

--
-- Структура на таблица `question_to_feedback`
--

CREATE TABLE IF NOT EXISTS `question_to_feedback` (
  `feedback_id` int(11) NOT NULL,
  `question_id` int(11) NOT NULL,
  `rating` int(11) NOT NULL,
  UNIQUE KEY `question_feedback` (`feedback_id`,`question_id`),
  KEY `FK_question_to_feedback` (`question_id`)
) ENGINE=InnoDB DEFAULT CHARSET=utf8 COLLATE=utf8_unicode_ci;

-- --------------------------------------------------------

--
-- Структура на таблица `students`
--

CREATE TABLE IF NOT EXISTS `students` (
  `uid` int(11) NOT NULL AUTO_INCREMENT,
  `name` varchar(255) COLLATE utf8_unicode_ci NOT NULL,
  `subject_id` int(11) NOT NULL,
  PRIMARY KEY (`uid`),
  UNIQUE KEY `student_unique` (`name`,`subject_id`)
) ENGINE=InnoDB  DEFAULT CHARSET=utf8 COLLATE=utf8_unicode_ci AUTO_INCREMENT=6 ;

--
-- Ссхема на данните от таблица `students`
--

INSERT INTO `students` (`uid`, `name`, `subject_id`) VALUES
(4, ''' or ''1''=''1', 4),
(3, 'Ангел Николов', 1),
(2, 'Виталий', 2),
(1, 'Ивелина', 2),
(5, 'Радослав Георгиев', 1);

-- --------------------------------------------------------

--
-- Структура на таблица `subjects`
--

CREATE TABLE IF NOT EXISTS `subjects` (
  `uid` int(11) NOT NULL AUTO_INCREMENT,
  `name` varchar(255) COLLATE utf8_unicode_ci NOT NULL,
  PRIMARY KEY (`uid`),
  UNIQUE KEY `name` (`name`)
) ENGINE=InnoDB  DEFAULT CHARSET=utf8 COLLATE=utf8_unicode_ci AUTO_INCREMENT=9 ;

--
-- Ссхема на данните от таблица `subjects`
--

INSERT INTO `subjects` (`uid`, `name`) VALUES
(4, 'Информатика'),
(2, 'Информационни системи'),
(1, 'Компютърни Науки'),
(6, 'Математика'),
(5, 'Математика и информатика'),
(7, 'Приложна математика'),
(3, 'Софтуерно инженерство'),
(8, 'Статистика');

-- --------------------------------------------------------

--
-- Структура на таблица `subject_to_course`
--

CREATE TABLE IF NOT EXISTS `subject_to_course` (
  `subject_id` int(11) NOT NULL,
  `course_id` int(11) NOT NULL,
  UNIQUE KEY `subject_course` (`subject_id`,`course_id`),
  KEY `FK_to_course` (`course_id`)
) ENGINE=InnoDB DEFAULT CHARSET=utf8 COLLATE=utf8_unicode_ci;

-- --------------------------------------------------------

--
-- Структура на таблица `teachers`
--

CREATE TABLE IF NOT EXISTS `teachers` (
  `uid` int(11) NOT NULL AUTO_INCREMENT,
  `name` varchar(255) COLLATE utf8_unicode_ci NOT NULL,
  PRIMARY KEY (`uid`),
  UNIQUE KEY `name` (`name`)
) ENGINE=InnoDB  DEFAULT CHARSET=utf8 COLLATE=utf8_unicode_ci AUTO_INCREMENT=217 ;

--
-- Ссхема на данните от таблица `teachers`
--

INSERT INTO `teachers` (`uid`, `name`) VALUES
(185, 'ас. Ана Авджиева'),
(174, 'ас. Георги Къдрев'),
(116, 'ас. Георги Пенчев'),
(47, 'ас. д-р Иван Минчев'),
(117, 'ас. Дафина Петкова'),
(118, 'ас. Димитър Димитров'),
(175, 'ас. Ирена Павлова'),
(17, 'ас. Константин Табаков'),
(88, 'ас. Милен Чечев'),
(119, 'ас. Мирослав Недялков'),
(37, 'ас. Нина Даскалова'),
(120, 'ас. Радослава Горанова'),
(89, 'ас. Теменужка Зафирова Малчева'),
(121, 'ас. Трифон Трифонов'),
(215, 'Борислав Ризов'),
(198, 'Боян Бенев'),
(216, 'Васил Георгиев'),
(199, 'Велико Дончев'),
(190, 'Веселин Георгиев'),
(96, 'гл. ас. Александър Александров'),
(183, 'гл. ас. Ангелина Йотова'),
(133, 'гл. ас. Антон Зиновиев'),
(110, 'гл. ас. Асен Александров'),
(14, 'гл. ас. Асен Божилов'),
(84, 'гл. ас. Атанас Георгиев'),
(97, 'гл. ас. Васил Гочев'),
(90, 'гл. ас. Василий Тодоров'),
(35, 'гл. ас. Венелин Черногоров'),
(21, 'гл. ас. Владимир Атанасов'),
(147, 'гл. ас. Владимир Попов'),
(192, 'гл. ас. Георги Георгиев'),
(171, 'гл. ас. д-р Александър Димов'),
(38, 'гл. ас. д-р Анна Попова'),
(108, 'гл. ас. д-р Атанас Семерджиев'),
(22, 'гл. ас. д-р Богдана Георгиева'),
(9, 'гл. ас. д-р Борис Коцев'),
(144, 'гл. ас. д-р Борислав Драганов'),
(34, 'гл. ас. д-р Весела Стоименова'),
(155, 'гл. ас. д-р Веселин Гушев'),
(205, 'гл. ас. д-р Галя Маджарова'),
(16, 'гл. ас. д-р Диана Левченко'),
(10, 'гл. ас. д-р Диана Радкова'),
(109, 'гл. ас. д-р Димитрина Ставрова'),
(11, 'гл. ас. д-р Екатерина Михайлова'),
(83, 'гл. ас. д-р Емилия Бранкова'),
(94, 'гл. ас. д-р Красимира Влъчкова'),
(48, 'гл. ас. д-р Маргарита Спирова'),
(131, 'гл. ас. д-р Мария Соскова'),
(12, 'гл. ас. д-р Мая Стоянова'),
(173, 'гл. ас. д-р Милен Петров'),
(69, 'гл. ас. д-р Моника Филипова'),
(145, 'гл. ас. д-р Никола Владов'),
(13, 'гл. ас. д-р Николай Колев'),
(146, 'гл. ас. д-р Първан Първанов'),
(95, 'гл. ас. д-р Руси Йорданов'),
(59, 'гл. ас. д-р Светлин Георгиев'),
(60, 'гл. ас. д-р Тодор Попов'),
(132, 'гл. ас. д-р Христо Ганчев'),
(61, 'гл. ас. д-р Цветан Христов'),
(162, 'гл. ас. Диана Раковска'),
(85, 'гл. ас. Евгения Ковачева'),
(98, 'гл. ас. Елза Иванова'),
(86, 'гл. ас. Елиза Стефанова'),
(36, 'гл. ас. Емил Каменов'),
(70, 'гл. ас. Емилия Живкова'),
(25, 'гл. ас. Иван Боздуганов'),
(148, 'гл. ас. Иван Делев'),
(184, 'гл. ас. Иван Христов'),
(156, 'гл. ас. Ирина Вутова'),
(111, 'гл. ас. Калин Николов'),
(187, 'гл. ас. Моника Филипова'),
(149, 'гл. ас. Николай Буюклиев'),
(157, 'гл. ас. Николина Николова'),
(112, 'гл. ас. Петър Армянов'),
(158, 'гл. ас. Ридван Исуфов'),
(150, 'гл. ас. Росен Николов'),
(71, 'гл. ас. Румяна Лесева'),
(72, 'гл. ас. Сабина Бочева'),
(113, 'гл. ас. Савка Костадинова'),
(23, 'гл. ас. Слави Лазаров'),
(73, 'гл. ас. Стела Русева'),
(114, 'гл. ас. Стефан Бончев'),
(15, 'гл. ас. Татяна Тодорова'),
(159, 'гл. ас. Теодоси Витанов'),
(87, 'гл. ас. Траян Илиев'),
(74, 'гл. ас. Христина Зашева'),
(115, 'гл. ас. Христо Христов'),
(49, 'гл. ас. Юлиан Цанков'),
(50, 'гл. ас. Яна Алексиева'),
(202, 'гл.ас. д-р Веселин Дафов'),
(172, 'гл.ас. д-р Десислава Петрова-Антонова'),
(182, 'гл.ас. д-р Петър Петров'),
(62, 'гл.ас. д-р Цветана Стоянова'),
(195, 'гл.ас. Христо Ганчев'),
(75, 'д- р Минко Марков'),
(196, 'д-р Георги Шарков'),
(160, 'д-р Жулгена Бенбасат - Банкова'),
(6, 'доц. д-р Азнив Каспарян'),
(122, 'доц. д-р Александра Соскова'),
(165, 'доц. д-р Александър Григоров'),
(126, 'доц. д-р Анатолий Буда'),
(152, 'доц. д-р Ангел Ангелов'),
(127, 'доц. д-р Ангел Дичев'),
(51, 'доц. д-р Ангел Живков'),
(204, 'доц. д-р Анела Иванова'),
(63, 'доц. д-р Антон Петков'),
(78, 'доц. д-р Антоний Попов'),
(40, 'доц. д-р Ася Русева'),
(64, 'доц. д-р Атанас Терзиев'),
(41, 'доц. д-р Богдан Александров'),
(79, 'доц. д-р Божидар Сендов'),
(166, 'доц. д-р Боян Бончев'),
(93, 'доц. д-р Ваня Хаджийски'),
(138, 'доц. д-р Васил Цанов'),
(101, 'доц. д-р Васил Цунижев'),
(42, 'доц. д-р Веселка Михова'),
(134, 'доц. д-р Владимир Бабев'),
(99, 'доц. д-р Владимир Димитров, ръководител катедра'),
(194, 'доц. д-р Г. Генова'),
(54, 'доц. д-р Гено Дачев'),
(139, 'доц. д-р Георги Александров'),
(91, 'доц. д-р Георги Димов'),
(43, 'доц. д-р Гергана Енева'),
(65, 'доц. д-р Димитър Биров'),
(102, 'доц. д-р Димитър Добрев'),
(29, 'доц. д-р Дончо Дончев'),
(80, 'доц. д-р Евгений Кръстев'),
(7, 'доц. д-р Евгения Великова'),
(167, 'доц. д-р Елисавета Гурова'),
(168, 'доц. д-р Иван Койчев'),
(20, 'доц. д-р Иван Миховски'),
(151, 'доц. д-р Иван Тонов'),
(81, 'доц. д-р Илиана Николова'),
(214, 'доц. д-р Йордан Денев'),
(55, 'доц. д-р Йордан Йорданов'),
(30, 'доц. д-р Йордан Митев'),
(103, 'доц. д-р Калинка Калоянова'),
(66, 'доц. д-р Камен Спасов'),
(153, 'доц. д-р Кирил Банков'),
(77, 'доц. д-р Красен Стефанов'),
(67, 'доц. д-р Красимир Манев'),
(31, 'доц. д-р Леда Минкова'),
(200, 'доц. д-р Лилия Методиева'),
(178, 'доц. д-р Лозко Милев'),
(140, 'доц. д-р Людмила Николова'),
(104, 'доц. д-р Магдалина Тодорова'),
(56, 'доц. д-р Мария Каратопраклиева'),
(105, 'доц. д-р Мария Нишева'),
(32, 'доц. д-р Марусия Божкова'),
(141, 'доц. д-р Милен Иванов'),
(142, 'доц. д-р Милко Такев'),
(143, 'доц. д-р Надежда Рибарска'),
(27, 'доц. д-р Надя Златева, ръководител катедра'),
(179, 'доц. д-р Никола Найденов'),
(57, 'доц. д-р Огнян Христов'),
(169, 'доц. д-р Олга Георгиева'),
(82, 'доц. д-р Павел Бойчев'),
(106, 'доц. д-р Павел Павлов'),
(170, 'доц. д-р Петко Русков'),
(128, 'доц. д-р Петьо Петков'),
(33, 'доц. д-р Пламен Матеев'),
(8, 'доц. д-р Пламен Сидеров'),
(163, 'доц. д-р Силвия Илиева'),
(45, 'доц. д-р Симеон Замковой'),
(180, 'доц. д-р Спас Ташев'),
(129, 'доц. д-р Стела Николова'),
(68, 'доц. д-р Стефан Димитров'),
(44, 'доц. д-р Стефана Хинева'),
(107, 'доц. д-р Стоян Бъчваров'),
(181, 'доц. д-р Татяна Черногорова'),
(130, 'доц. д-р Тинко Тинчев'),
(18, 'доц. д-р Тодор Парталин'),
(58, 'доц. д-р Тошко Боев'),
(46, 'доц. д-р Чавдар Лозанов'),
(154, 'доц. д-р Юлия Нинова'),
(201, 'доц. Цвета Станимирова'),
(211, 'доц.д-р Виржиния Радев'),
(206, 'Елица Станева'),
(193, 'Емилия Стойчева'),
(188, 'Ивайло Христов'),
(210, 'Константин Йовков'),
(209, 'Кристиян Маринов'),
(186, 'мат. Вая Ракидзи'),
(76, 'мат. Мария Ганева'),
(161, 'мат. Таня Тонова'),
(26, 'математик Георги Димитров'),
(207, 'Николай Бачийски'),
(203, 'проф. д-р Аля В. Таджер'),
(5, 'проф. д-р Керопе Чакърян'),
(28, 'проф. д-р Никола Янев'),
(176, 'проф. д.м.н. Гено Николов'),
(124, 'проф. д.м.н. Димитър Вакарелов'),
(125, 'проф. д.м.н. Димитър Скордев'),
(135, 'проф. д.м.н. Дойчин Толев'),
(92, 'проф. д.м.н. Евгени Христов'),
(123, 'проф. д.м.н. Иван Сосков'),
(19, 'проф. д.м.н. Любомир Лилов'),
(53, 'проф. д.м.н. Недю Попиванов'),
(4, '﻿проф. д.м.н. Недялко Ненов'),
(100, 'проф. д.м.н. Николай Хаджииванов'),
(136, 'проф. д.м.н. Рони Леви'),
(137, 'проф. д.м.н. Румен Малеев'),
(39, 'проф. д.м.н. Стефан Иванов'),
(177, 'проф. д.м.н. Стефка Димова'),
(24, 'проф. д.м.н. Цоло Иванов'),
(212, 'проф. д.п.с. И. Зиновиева'),
(164, 'проф. д.т.н. Христо Кабакчиев'),
(189, 'Радослав Георгиев'),
(191, 'Светлин Наков'),
(213, 'Стефан Герджиков'),
(197, 'Стийв Кайл (Steve Keil)'),
(208, 'Филип Янков'),
(52, 'чл. кор. Емил Хорозов');

-- --------------------------------------------------------

--
-- Структура на таблица `teacher_to_course`
--

CREATE TABLE IF NOT EXISTS `teacher_to_course` (
  `course_id` int(11) NOT NULL,
  `teacher_id` int(11) NOT NULL,
  `uid` int(11) NOT NULL AUTO_INCREMENT,
  PRIMARY KEY (`uid`),
  UNIQUE KEY `course_teacher` (`course_id`,`teacher_id`),
  KEY `FK_teacher` (`teacher_id`)
) ENGINE=InnoDB  DEFAULT CHARSET=utf8 COLLATE=utf8_unicode_ci AUTO_INCREMENT=1373 ;

--
-- Ссхема на данните от таблица `teacher_to_course`
--

INSERT INTO `teacher_to_course` (`course_id`, `teacher_id`, `uid`) VALUES
(151, 65, 1),
(151, 102, 2),
(151, 104, 582),
(151, 106, 3),
(151, 107, 275),
(152, 67, 4),
(152, 70, 593),
(152, 72, 592),
(152, 75, 616),
(152, 129, 45),
(152, 133, 583),
(153, 22, 787),
(153, 96, 689),
(153, 109, 640),
(153, 134, 788),
(153, 135, 39),
(153, 139, 5),
(153, 143, 32),
(154, 7, 6),
(154, 8, 263),
(154, 11, 1183),
(154, 12, 1184),
(155, 65, 7),
(155, 107, 278),
(156, 105, 8),
(156, 108, 1372),
(156, 111, 34),
(156, 121, 1223),
(157, 78, 9),
(157, 114, 1231),
(158, 160, 47),
(159, 27, 1250),
(159, 35, 1248),
(159, 38, 1249),
(160, 69, 10),
(160, 72, 11),
(160, 187, 12),
(161, 67, 13),
(161, 75, 14),
(162, 68, 15),
(162, 73, 16),
(163, 7, 17),
(163, 8, 274),
(163, 11, 1189),
(163, 12, 1190),
(163, 128, 308),
(164, 69, 18),
(164, 72, 19),
(165, 79, 104),
(165, 214, 1356),
(166, 176, 199),
(167, 69, 405),
(167, 103, 42),
(168, 216, 1362),
(169, 32, 61),
(169, 33, 1363),
(170, 65, 1366),
(171, 26, 1369),
(172, 165, 1368),
(173, 105, 1358),
(173, 168, 78),
(174, 65, 151),
(175, 43, 20),
(175, 45, 58),
(175, 49, 1220),
(178, 122, 21),
(178, 132, 1203),
(178, 213, 1219),
(179, 51, 288),
(179, 60, 68),
(180, 63, 22),
(181, 130, 23),
(181, 215, 1357),
(183, 123, 134),
(183, 129, 505),
(184, 177, 200),
(184, 181, 201),
(185, 7, 62),
(186, 39, 67),
(187, 72, 24),
(187, 77, 25),
(187, 122, 311),
(187, 126, 281),
(189, 20, 59),
(190, 95, 83),
(191, 124, 95),
(191, 127, 450),
(192, 53, 198),
(195, 24, 100),
(196, 29, 169),
(197, 150, 87),
(197, 164, 88),
(198, 151, 192),
(201, 82, 70),
(202, 151, 177),
(203, 153, 191),
(205, 154, 99),
(206, 152, 193),
(209, 159, 115),
(209, 162, 116),
(210, 152, 194),
(212, 30, 469),
(213, 55, 94),
(214, 33, 121),
(215, 99, 44),
(216, 21, 292),
(216, 99, 43),
(216, 120, 315),
(218, 105, 148),
(219, 106, 26),
(220, 99, 147),
(221, 99, 40),
(221, 174, 307),
(222, 106, 27),
(223, 106, 146),
(224, 170, 186),
(226, 200, 448),
(228, 77, 130),
(229, 103, 185),
(229, 163, 1371),
(232, 163, 54),
(232, 169, 55),
(232, 175, 56),
(233, 163, 129),
(233, 166, 128),
(234, 88, 569),
(234, 168, 568),
(236, 138, 50),
(237, 51, 64),
(238, 43, 66),
(240, 59, 69),
(246, 18, 72),
(247, 145, 75),
(251, 33, 81),
(252, 153, 82),
(253, 73, 86),
(254, 94, 89),
(255, 71, 90),
(256, 55, 92),
(257, 55, 93),
(258, 30, 96),
(260, 20, 289),
(261, 18, 102),
(262, 87, 28),
(262, 99, 37),
(263, 80, 35),
(264, 79, 109),
(264, 80, 36),
(265, 85, 111),
(267, 77, 114),
(268, 170, 118),
(268, 174, 119),
(269, 136, 122),
(271, 65, 127),
(272, 32, 131),
(273, 78, 132),
(275, 138, 140),
(276, 52, 141),
(276, 135, 142),
(277, 53, 518),
(278, 56, 156),
(279, 179, 157),
(280, 45, 159),
(281, 67, 160),
(281, 112, 161),
(282, 134, 164),
(283, 59, 166),
(284, 109, 167),
(285, 176, 168),
(287, 28, 171),
(288, 181, 172),
(289, 130, 173),
(290, 65, 174),
(291, 20, 175),
(292, 54, 176),
(294, 33, 179),
(295, 135, 180),
(297, 141, 184),
(308, 196, 474),
(309, 177, 98),
(312, 152, 49),
(312, 158, 48),
(313, 190, 403),
(314, 136, 51),
(315, 9, 52),
(316, 59, 53),
(317, 88, 341),
(317, 99, 41),
(317, 108, 316),
(317, 112, 338),
(317, 118, 340),
(317, 175, 339),
(317, 185, 328),
(317, 189, 330),
(318, 19, 60),
(320, 20, 63),
(321, 159, 417),
(322, 192, 421),
(323, 18, 73),
(324, 89, 431),
(324, 168, 74),
(325, 58, 76),
(325, 199, 434),
(326, 168, 77),
(327, 62, 79),
(328, 143, 435),
(330, 87, 439),
(331, 52, 80),
(332, 151, 84),
(332, 161, 85),
(333, 46, 91),
(334, 35, 97),
(335, 95, 455),
(336, 153, 459),
(337, 20, 101),
(338, 34, 103),
(339, 34, 478),
(340, 135, 105),
(341, 51, 106),
(342, 162, 107),
(343, 91, 110),
(344, 27, 113),
(347, 41, 120),
(348, 78, 123),
(349, 22, 492),
(350, 166, 126),
(351, 207, 500),
(354, 119, 502),
(355, 39, 133),
(356, 9, 136),
(356, 11, 138),
(356, 12, 137),
(356, 15, 135),
(357, 67, 139),
(358, 163, 143),
(358, 166, 145),
(359, 136, 153),
(359, 137, 154),
(359, 149, 152),
(360, 145, 149),
(361, 32, 150),
(362, 166, 155),
(363, 33, 158),
(364, 67, 522),
(365, 116, 245),
(365, 188, 247),
(365, 189, 246),
(366, 104, 162),
(367, 151, 163),
(367, 161, 536),
(368, 134, 165),
(369, 8, 540),
(369, 14, 170),
(370, 91, 178),
(370, 98, 543),
(371, 8, 181),
(372, 54, 182),
(373, 7, 29),
(374, 14, 553),
(374, 67, 183),
(375, 19, 187),
(376, 154, 188),
(376, 156, 190),
(376, 162, 189),
(377, 34, 195),
(379, 142, 196),
(380, 18, 561),
(381, 140, 197),
(382, 191, 574),
(383, 192, 410),
(384, 90, 402),
(384, 190, 277),
(387, 138, 65),
(393, 28, 112),
(394, 116, 117),
(395, 116, 125),
(395, 121, 124),
(398, 22, 1182),
(398, 96, 1181),
(398, 109, 1180),
(398, 135, 1179),
(398, 139, 30),
(398, 143, 33),
(399, 107, 31),
(400, 193, 411),
(401, 194, 412),
(402, 132, 413),
(403, 196, 415),
(403, 197, 414),
(403, 198, 416),
(404, 57, 420),
(405, 107, 424),
(405, 112, 425),
(406, 107, 426),
(406, 112, 427),
(407, 135, 430),
(408, 39, 449),
(409, 29, 454),
(410, 177, 468),
(411, 201, 472),
(412, 202, 473),
(413, 203, 487),
(413, 204, 488),
(413, 205, 489),
(414, 206, 490),
(415, 51, 491),
(416, 6, 499),
(417, 166, 501),
(418, 134, 513),
(418, 144, 515),
(418, 146, 514),
(419, 4, 516),
(420, 106, 517),
(421, 208, 533),
(421, 209, 534),
(421, 210, 535),
(422, 200, 539),
(423, 211, 550),
(424, 32, 551),
(425, 59, 552),
(426, 167, 558),
(427, 212, 559),
(428, 143, 560),
(429, 176, 565),
(430, 65, 567),
(430, 119, 566),
(433, 163, 1370);

--
-- Ограничения за дъмпнати таблици
--

--
-- Ограничения за таблица `feedback`
--
ALTER TABLE `feedback`
  ADD CONSTRAINT `FK_feedback` FOREIGN KEY (`student_id`) REFERENCES `students` (`uid`) ON DELETE SET NULL;

--
-- Ограничения за таблица `question_to_feedback`
--
ALTER TABLE `question_to_feedback`
  ADD CONSTRAINT `FK_question_to_feedback` FOREIGN KEY (`question_id`) REFERENCES `questions` (`uid`) ON DELETE CASCADE,
  ADD CONSTRAINT `FK_to_feedback` FOREIGN KEY (`feedback_id`) REFERENCES `feedback` (`uid`) ON DELETE CASCADE;

--
-- Ограничения за таблица `subject_to_course`
--
ALTER TABLE `subject_to_course`
  ADD CONSTRAINT `FK_to_course` FOREIGN KEY (`course_id`) REFERENCES `courses` (`uid`) ON DELETE CASCADE,
  ADD CONSTRAINT `FK_to_subject` FOREIGN KEY (`subject_id`) REFERENCES `subjects` (`uid`) ON DELETE CASCADE;

--
-- Ограничения за таблица `teacher_to_course`
--
ALTER TABLE `teacher_to_course`
  ADD CONSTRAINT `FK_teacher` FOREIGN KEY (`teacher_id`) REFERENCES `teachers` (`uid`) ON DELETE CASCADE,
  ADD CONSTRAINT `FK_t_to_course` FOREIGN KEY (`course_id`) REFERENCES `courses` (`uid`) ON DELETE CASCADE;

/*!40101 SET CHARACTER_SET_CLIENT=@OLD_CHARACTER_SET_CLIENT */;
/*!40101 SET CHARACTER_SET_RESULTS=@OLD_CHARACTER_SET_RESULTS */;
/*!40101 SET COLLATION_CONNECTION=@OLD_COLLATION_CONNECTION */;
